group,cell_id,sheath_id,sheath_length,somas,bites
ntr_dmso,1,1,45.946,0,0
ntr_dmso,1,2,37.304,0,0
ntr_dmso,1,3,63.92,0,0
ntr_dmso,1,4,20.198,0,0
ntr_dmso,1,5,43.453,0,0
ntr_dmso,1,6,32.246,0,0
ntr_dmso,1,7,27.23,0,0
ntr_dmso,1,8,22.265,0,0
ntr_dmso,1,9,23.865,0,0
ntr_dmso,1,10,35.281,0,0
ntr_dmso,2,1,36.939,0,0
ntr_dmso,2,2,38.001,0,0
ntr_dmso,2,3,25.237,0,0
ntr_dmso,2,4,42.89,0,0
ntr_dmso,2,5,36.496,0,0
ntr_dmso,2,6,26.224,0,0
ntr_dmso,2,7,35.978,0,0
ntr_dmso,2,8,51.969,0,0
ntr_dmso,2,9,18.593,0,0
ntr_dmso,2,10,44.068,0,0
ntr_dmso,2,11,46.457,0,0
ntr_dmso,2,12,45.55,0,0
ntr_dmso,3,1,18.41,0,1
ntr_dmso,3,2,36.172,0,1
ntr_dmso,3,3,31.442,0,1
ntr_dmso,3,4,29.623,0,1
ntr_dmso,3,5,11.434,0,1
ntr_dmso,3,6,33.13,0,1
ntr_dmso,3,7,46.751,0,1
ntr_dmso,3,8,33.958,0,1
ntr_dmso,3,9,50.903,0,1
ntr_dmso,3,10,10.248,0,1
ntr_dmso,3,11,67.518,0,1
ntr_dmso,3,12,60.975,0,1
ntr_dmso,4,1,52.348,0,0
ntr_dmso,4,2,55.196,0,0
ntr_dmso,4,3,14.678,0,0
ntr_dmso,4,4,52.218,0,0
ntr_dmso,4,5,36.808,0,0
ntr_dmso,4,6,41.531,0,0
ntr_dmso,4,7,17.353,0,0
ntr_dmso,4,8,32.277,0,0
ntr_dmso,4,9,27.235,0,0
ntr_dmso,4,10,22.065,0,0
ntr_dmso,4,11,25.746,0,0
ntr_dmso,4,12,9.933,0,0
ntr_dmso,4,13,47.12,0,0
ntr_dmso,4,14,41.885,0,0
ntr_dmso,5,1,19.016,0,0
ntr_dmso,5,2,48.878,0,0
ntr_dmso,5,3,47.715,0,0
ntr_dmso,5,4,44.591,0,0
ntr_dmso,5,5,25.513,0,0
ntr_dmso,5,6,25.131,0,0
ntr_dmso,5,7,21.972,0,0
ntr_dmso,5,8,46.948,0,0
ntr_dmso,6,1,21.119,0,0
ntr_dmso,6,2,47.484,0,0
ntr_dmso,6,3,68.196,0,0
ntr_dmso,6,4,37.584,0,0
ntr_dmso,6,5,53.233,0,0
ntr_dmso,6,6,52.461,0,0
ntr_dmso,7,1,49.367,0,0
ntr_dmso,7,2,27.39,0,0
ntr_dmso,7,3,45.477,0,0
ntr_dmso,7,4,20.308,0,0
ntr_dmso,7,5,73.388,0,0
ntr_dmso,7,6,41.981,0,0
ntr_dmso,8,1,42.646,0,1
ntr_dmso,8,2,20.939,0,1
ntr_dmso,8,3,70.374,0,1
ntr_dmso,8,4,39.852,0,1
ntr_dmso,8,5,21.104,0,1
ntr_dmso,8,6,46.419,0,1
ntr_dmso,8,7,36.136,0,1
ntr_dmso,9,1,18.463,0,0
ntr_dmso,9,2,39.074,0,0
ntr_dmso,9,3,14.378,0,0
ntr_dmso,9,4,21.603,0,0
ntr_dmso,9,5,7.039,0,0
ntr_dmso,9,6,17.719,0,0
ntr_dmso,9,7,36.968,0,0
ntr_dmso,9,8,38.041,0,0
ntr_dmso,9,9,24.713,0,0
ntr_dmso,9,10,28.305,0,0
ntr_dmso,9,11,33.235,0,0
ntr_dmso,9,12,36.534,0,0
ntr_dmso,10,1,49.886,0,0
ntr_dmso,10,2,68.562,0,0
ntr_dmso,10,3,45.602,0,0
ntr_dmso,11,1,5.804,0,2
ntr_dmso,11,2,9.76,0,2
ntr_dmso,11,3,15.269,0,2
ntr_dmso,11,4,10.764,0,2
ntr_dmso,11,5,16.972,0,2
ntr_dmso,11,6,31.574,0,2
ntr_dmso,11,7,18.055,0,2
ntr_dmso,11,8,38.438,0,2
ntr_dmso,11,9,15.887,0,2
ntr_dmso,11,10,20.56,0,2
ntr_dmso,11,11,4.231,0,2
ntr_dmso,12,1,46.7,0,0
ntr_dmso,12,2,23.493,0,0
ntr_dmso,12,3,62.1,0,0
ntr_dmso,12,4,20.337,0,0
ntr_dmso,12,5,31.703,0,0
ntr_dmso,12,6,35.239,0,0
ntr_dmso,12,7,20.013,0,0
ntr_dmso,12,8,23.455,0,0
ntr_dmso,12,9,38.898,0,0
ntr_dmso,12,10,18.569,0,0
ntr_dmso,12,11,19.658,0,0
ntr_dmso,12,12,28.02,0,0
ntr_dmso,12,13,32.582,0,0
ntr_dmso,12,14,25.464,0,0
ntr_dmso,12,15,30.055,0,0
ntr_dmso,12,16,24.236,0,0
ntr_dmso,13,1,35.319,0,1
ntr_dmso,13,2,17.549,0,1
ntr_dmso,13,3,35.098,0,1
ntr_dmso,13,4,59.738,0,1
ntr_dmso,13,5,49.167,0,1
ntr_dmso,14,1,8.972,0,2
ntr_dmso,14,2,38.983,0,2
ntr_dmso,14,3,63.827,0,2
ntr_dmso,14,4,37.069,0,2
ntr_dmso,14,5,47.817,0,2
ntr_dmso,14,6,81.85,0,2
ntr_dmso,14,7,17.568,0,2
ntr_dmso,14,8,51.88,0,2
ntr_dmso,14,9,10.834,0,2
ntr_dmso,15,1,39.922,1,0
ntr_dmso,15,2,39.964,1,0
ntr_dmso,15,3,70.253,1,0
ntr_dmso,15,4,44.554,1,0
ntr_dmso,15,5,28.872,1,0
ntr_dmso,15,6,29.516,1,0
ntr_dmso,15,7,60.698,1,0
ntr_dmso,15,8,39.689,1,0
ntr_mtz,1,1,18.498,0,0
ntr_mtz,1,2,7.801,0,0
ntr_mtz,1,3,4.423,0,0
ntr_mtz,1,4,15.131,0,0
ntr_mtz,1,5,25.027,0,0
ntr_mtz,1,6,40.5,0,0
ntr_mtz,1,7,42.994,0,0
ntr_mtz,1,8,37.276,0,0
ntr_mtz,1,9,29.827,0,0
ntr_mtz,1,10,31.069,0,0
ntr_mtz,1,11,29.746,0,0
ntr_mtz,1,12,67.271,0,0
ntr_mtz,2,1,12.206,0,0
ntr_mtz,2,2,22.769,0,0
ntr_mtz,2,3,11.585,0,0
ntr_mtz,2,4,9.628,0,0
ntr_mtz,2,5,16.498,0,0
ntr_mtz,2,6,31.542,0,0
ntr_mtz,2,7,22.753,0,0
ntr_mtz,2,8,24.297,0,0
ntr_mtz,2,9,38.052,0,0
ntr_mtz,2,10,40.736,0,0
ntr_mtz,2,11,62.814,0,0
ntr_mtz,2,12,13.45,0,0
ntr_mtz,2,13,11.13,0,0
ntr_mtz,2,14,25.02,0,0
ntr_mtz,2,15,14.901,0,0
ntr_mtz,3,1,22.186,0,0
ntr_mtz,3,2,26.314,0,0
ntr_mtz,3,3,27.294,0,0
ntr_mtz,3,4,6.72,0,0
ntr_mtz,3,5,16.739,0,0
ntr_mtz,3,6,15.547,0,0
ntr_mtz,3,7,18.528,0,0
ntr_mtz,3,8,10.573,0,0
ntr_mtz,3,9,22.053,0,0
ntr_mtz,3,10,77.431,0,0
ntr_mtz,3,11,45.039,0,0
ntr_mtz,3,12,25.928,0,0
ntr_mtz,3,13,28.956,0,0
ntr_mtz,4,1,15.358,2,0
ntr_mtz,4,2,34.152,2,0
ntr_mtz,4,3,40.72,2,0
ntr_mtz,4,4,31.538,2,0
ntr_mtz,4,5,18.508,2,0
ntr_mtz,4,6,12.714,2,0
ntr_mtz,4,7,19.149,2,0
ntr_mtz,4,8,5.106,2,0
ntr_mtz,4,9,16.914,2,0
ntr_mtz,4,10,27.566,2,0
ntr_mtz,4,11,26.522,2,0
ntr_mtz,4,12,25.293,2,0
ntr_mtz,4,13,15.907,2,0
ntr_mtz,4,14,19.801,2,0
ntr_mtz,4,15,43.932,2,0
ntr_mtz,4,16,11.867,2,0
ntr_mtz,5,1,17.961,2,0
ntr_mtz,5,2,11.245,2,0
ntr_mtz,5,3,2.908,2,0
ntr_mtz,5,4,33.63,2,0
ntr_mtz,5,5,6.187,2,0
ntr_mtz,5,6,21.311,2,0
ntr_mtz,5,7,28.447,2,0
ntr_mtz,5,8,26.459,2,0
ntr_mtz,5,9,42.519,2,0
ntr_mtz,5,10,51.645,2,0
ntr_mtz,6,1,32.362,0,1
ntr_mtz,6,2,12.483,0,1
ntr_mtz,6,3,20.141,0,1
ntr_mtz,6,4,36.83,0,1
ntr_mtz,6,5,59.279,0,1
ntr_mtz,6,6,53.224,0,1
ntr_mtz,6,7,11.959,0,1
ntr_mtz,6,8,17.883,0,1
ntr_mtz,6,9,42.328,0,1
ntr_mtz,6,10,13.563,0,1
ntr_mtz,7,1,18.387,0,0
ntr_mtz,7,2,23.154,0,0
ntr_mtz,7,3,23.078,0,0
ntr_mtz,7,4,8.159,0,0
ntr_mtz,7,5,11.709,0,0
ntr_mtz,7,6,16.835,0,0
ntr_mtz,7,7,22.97,0,0
ntr_mtz,7,8,4.113,0,0
ntr_mtz,8,1,22.297,0,0
ntr_mtz,8,2,49.414,0,0
ntr_mtz,8,3,21.295,0,0
ntr_mtz,8,4,30.205,0,0
ntr_mtz,8,5,32.441,0,0
ntr_mtz,8,6,81.209,0,0
ntr_mtz,8,7,28.848,0,0
ntr_mtz,8,8,20.637,0,0
ntr_mtz,8,9,41.978,0,0
ntr_mtz,8,10,26.431,0,0
ntr_mtz,8,11,22.54,0,0
ntr_mtz,9,1,47.969,0,0
ntr_mtz,9,2,44.862,0,0
ntr_mtz,9,3,35.498,0,0
ntr_mtz,9,4,17.91,0,0
ntr_mtz,9,5,23.073,0,0
ntr_mtz,9,6,17.676,0,0
ntr_mtz,9,7,19.02,0,0
ntr_mtz,9,8,17.064,0,0
ntr_mtz,9,9,21.073,0,0
ntr_mtz,9,10,21.879,0,0
ntr_mtz,9,11,5.067,0,0
ntr_mtz,9,12,18.57,0,0
ntr_mtz,9,13,17.859,0,0
ntr_mtz,9,14,36.034,0,0
ntr_mtz,9,15,35.029,0,0
ntr_mtz,9,16,31.099,0,0
ntr_mtz,9,17,6.822,0,0
ntr_mtz,9,18,73.714,0,0
ntr_mtz,9,19,23.157,0,0
ntr_mtz,10,1,20.09,1,0
ntr_mtz,10,2,36.658,1,0
ntr_mtz,10,3,58.148,1,0
ntr_mtz,10,4,23.295,1,0
ntr_mtz,10,5,69.914,1,0
ntr_mtz,10,6,30.41,1,0
ntr_mtz,10,7,29.497,1,0
ntr_mtz,10,8,28.651,1,0
ntr_mtz,10,9,26.815,1,0
ntr_mtz,11,1,12.281,3,0
ntr_mtz,11,2,17.38,3,0
ntr_mtz,11,3,12.812,3,0
ntr_mtz,11,4,21.612,3,0
ntr_mtz,11,5,27.06,3,0
ntr_mtz,11,6,17.965,3,0
ntr_mtz,11,7,8.538,3,0
ntr_mtz,11,8,30.934,3,0
ntr_mtz,11,9,19.831,3,0
ntr_mtz,11,10,11.377,3,0
ntr_mtz,11,11,20.124,3,0
ntr_mtz,11,12,7.154,3,0
ntr_mtz,11,13,7.748,3,0
ntr_mtz,11,14,3.854,3,0
ntr_mtz,11,15,41.312,3,0
ntr_mtz,11,16,8.984,3,0
ntr_mtz,11,17,36.725,3,0
ntr_mtz,11,18,28.33,3,0
ntr_mtz,12,1,6.443,0,0
ntr_mtz,12,2,39.485,0,0
ntr_mtz,12,3,33.958,0,0
ntr_mtz,12,4,48.805,0,0
ntr_mtz,12,5,13.365,0,0
ntr_mtz,12,6,10.676,0,0
ntr_mtz,12,7,8.903,0,0
ntr_mtz,12,8,29.711,0,0
ntr_mtz,12,9,14.512,0,0
ntr_mtz,12,10,15.018,0,0
ntr_mtz,12,11,18.242,0,0
ntr_mtz,12,12,8.989,0,0
ntr_mtz,12,13,32.416,0,0
ntr_mtz,12,14,6.651,0,0
ntr_mtz,12,15,28.324,0,0
ntr_mtz,12,16,41.366,0,0
ntr_mtz,12,17,6.021,0,0
ntr_mtz,12,18,10.33,0,0
ntr_mtz,12,19,6.72,0,0
ntr_mtz,12,20,20.141,0,0
ntr_mtz,12,21,13.369,0,0
ntr_mtz,12,22,22.554,0,0
ntr_mtz,12,23,26.588,0,0
ntr_mtz,12,24,22.946,0,0
ntr_mtz,12,25,7.256,0,0
ntr_mtz,12,26,14.869,0,0
ntr_mtz,12,27,8.439,0,0
ntr_mtz,13,1,20.185,0,2
ntr_mtz,13,2,13.809,0,2
ntr_mtz,13,3,10.682,0,2
ntr_mtz,13,4,11.101,0,2
ntr_mtz,13,5,9.483,0,2
ntr_mtz,13,6,20.217,0,2
ntr_mtz,13,7,11.67,0,2
ntr_mtz,13,8,29.006,0,2
ntr_mtz,13,9,11.141,0,2
ntr_mtz,13,10,15.027,0,2
ntr_mtz,13,11,4.739,0,2
ntr_mtz,13,12,7.023,0,2
ntr_mtz,13,13,4.697,0,2
ntr_mtz,13,14,88.303,0,2
ntr_mtz,13,15,27.623,0,2
ntr_mtz,13,16,58.382,0,2
ntr_mtz,13,17,35.377,0,2
ntr_mtz,14,1,26.917,1,0
ntr_mtz,14,2,6.446,1,0
ntr_mtz,14,3,16.335,1,0
ntr_mtz,14,4,24.378,1,0
ntr_mtz,14,5,24.371,1,0
ntr_mtz,14,6,13.275,1,0
ntr_mtz,14,7,40.415,1,0
ntr_mtz,14,8,9.681,1,0
ntr_mtz,14,9,14.327,1,0
ntr_mtz,14,10,11.272,1,0
ntr_mtz,14,11,12.319,1,0
ntr_mtz,14,12,8.614,1,0
ntr_mtz,14,13,21.889,1,0
ntr_mtz,14,14,16.374,1,0
ntr_mtz,14,15,33.5,1,0
ntr_mtz,14,16,23.05,1,0
ntr_mtz,14,17,32.429,1,0
ntr_mtz,14,18,35.073,1,0
ntr_mtz,14,19,5.233,1,0
ntr_mtz,14,20,42.451,1,0
ntr_mtz,14,21,32.215,1,0
ntr_mtz,15,1,13.756,1,0
ntr_mtz,15,2,13.547,1,0
ntr_mtz,15,3,4.871,1,0
ntr_mtz,15,4,30.586,1,0
ntr_mtz,15,5,16.645,1,0
ntr_mtz,15,6,8.942,1,0
ntr_mtz,15,7,31.958,1,0
ntr_mtz,15,8,24.059,1,0
ntr_mtz,15,9,14.674,1,0
ntr_mtz,15,10,6.124,1,0
ntr_mtz,15,11,44.894,1,0
ntr_mtz,15,12,23.401,1,0
ntr_mtz,15,13,2.878,1,0
ntr_mtz,15,14,22.42,1,0
ntr_mtz,15,15,16.438,1,0
ntr_mtz,15,16,19.963,1,0
ntr_mtz,15,17,6.291,1,0
sib_dmso,1,1,36.093,0,0
sib_dmso,1,2,28.344,0,0
sib_dmso,1,3,32.087,0,0
sib_dmso,1,4,26.846,0,0
sib_dmso,1,5,26.94,0,0
sib_dmso,1,6,51.692,0,0
sib_dmso,1,7,16.739,0,0
sib_dmso,1,8,26.851,0,0
sib_dmso,1,9,52.687,0,0
sib_dmso,1,10,32.93,0,0
sib_dmso,1,11,30.66,0,0
sib_dmso,1,12,32.317,0,0
sib_dmso,1,13,19.695,0,0
sib_dmso,2,1,42.219,0,1
sib_dmso,2,2,70.162,0,1
sib_dmso,2,3,53.941,0,1
sib_dmso,2,4,55.108,0,1
sib_dmso,2,5,43.672,0,1
sib_dmso,2,6,33.849,0,1
sib_dmso,2,7,36.337,0,1
sib_dmso,2,8,53.032,0,1
sib_dmso,3,1,34.097,0,0
sib_dmso,3,2,49.833,0,0
sib_dmso,3,3,33.894,0,0
sib_dmso,3,4,47.47,0,0
sib_dmso,3,5,79.725,0,0
sib_dmso,4,1,15.171,0,0
sib_dmso,4,2,13.009,0,0
sib_dmso,4,3,41.05,0,0
sib_dmso,4,4,31.215,0,0
sib_dmso,4,5,37.24,0,0
sib_dmso,4,6,10.646,0,0
sib_dmso,4,7,6.69,0,0
sib_dmso,4,8,35.805,0,0
sib_dmso,4,9,50.049,0,0
sib_dmso,4,10,55.422,0,0
sib_dmso,4,11,57.426,0,0
sib_dmso,4,12,58.407,0,0
sib_dmso,4,13,18.633,0,0
sib_dmso,4,14,31.192,0,0
sib_dmso,4,15,4.348,0,0
sib_dmso,4,16,6.677,0,0
sib_dmso,4,17,3.667,0,0
sib_dmso,5,1,27.956,0,0
sib_dmso,5,2,10.416,0,0
sib_dmso,5,3,29.781,0,0
sib_dmso,5,4,61.345,0,0
sib_dmso,5,5,15.837,0,0
sib_dmso,5,6,40.042,0,0
sib_dmso,5,7,32.785,0,0
sib_dmso,5,8,38.477,0,0
sib_dmso,5,9,17.874,0,0
sib_dmso,5,10,59.455,0,0
sib_dmso,6,1,25.222,0,0
sib_dmso,6,2,57.359,0,0
sib_dmso,6,3,41.283,0,0
sib_dmso,6,4,31.915,0,0
sib_dmso,6,5,18.979,0,0
sib_dmso,6,6,52.89,0,0
sib_dmso,6,7,20.538,0,0
sib_dmso,6,8,36.097,0,0
sib_dmso,6,9,13.127,0,0
sib_dmso,7,1,29.248,1,0
sib_dmso,7,2,36.142,1,0
sib_dmso,7,3,27.112,1,0
sib_dmso,7,4,17.625,1,0
sib_dmso,7,5,81.106,1,0
sib_dmso,7,6,19.83,1,0
sib_dmso,7,7,35.983,1,0
sib_dmso,7,8,20.852,1,0
sib_dmso,7,9,29.264,1,0
sib_dmso,8,1,57.182,0,1
sib_dmso,8,2,16.027,0,1
sib_dmso,8,3,27.94,0,1
sib_dmso,8,4,38.346,0,1
sib_dmso,8,5,23.078,0,1
sib_dmso,8,6,23.055,0,1
sib_dmso,8,7,41.861,0,1
sib_dmso,8,8,32.298,0,1
sib_dmso,8,9,52.876,0,1
sib_dmso,8,10,26.489,0,1
sib_dmso,9,1,23.782,0,0
sib_dmso,9,2,26.615,0,0
sib_dmso,9,3,17.855,0,0
sib_dmso,9,4,26.335,0,0
sib_dmso,9,5,25.392,0,0
sib_dmso,9,6,42.169,0,0
sib_dmso,9,7,54.572,0,0
sib_dmso,9,8,26.551,0,0
sib_dmso,9,9,51.752,0,0
sib_dmso,10,1,26.659,0,0
sib_dmso,10,2,39.036,0,0
sib_dmso,10,3,29.789,0,0
sib_dmso,10,4,39.215,0,0
sib_dmso,10,5,29.468,0,0
sib_dmso,10,6,10.199,0,0
sib_dmso,10,7,37.909,0,0
sib_dmso,11,1,45.578,0,0
sib_dmso,11,2,48.152,0,0
sib_dmso,11,3,21.531,0,0
sib_dmso,11,4,12.532,0,0
sib_dmso,11,5,41.103,0,0
sib_dmso,11,6,42.962,0,0
sib_dmso,11,7,22.351,0,0
sib_dmso,11,8,27.181,0,0
sib_dmso,11,9,55.555,0,0
sib_dmso,11,10,45.409,0,0
sib_dmso,12,1,48.817,0,0
sib_dmso,12,2,37.345,0,0
sib_dmso,12,3,19.457,0,0
sib_dmso,12,4,31.393,0,0
sib_dmso,12,5,17.353,0,0
sib_dmso,12,6,16.808,0,0
sib_dmso,12,7,44.549,0,0
sib_dmso,12,8,18.855,0,0
sib_dmso,12,9,19.544,0,0
sib_dmso,12,10,60.557,0,0
sib_dmso,12,11,39.755,0,0
sib_dmso,12,12,43.803,0,0
sib_dmso,12,13,33.124,0,0
sib_dmso,12,14,49.309,0,0
sib_mtz,1,1,45.713,0,1
sib_mtz,1,2,12.749,0,1
sib_mtz,1,3,33.012,0,1
sib_mtz,1,4,26.05,0,1
sib_mtz,1,5,27.231,0,1
sib_mtz,1,6,17.894,0,1
sib_mtz,1,7,27.11,0,1
sib_mtz,1,8,28.939,0,1
sib_mtz,1,9,38.198,0,1
sib_mtz,1,10,27.482,0,1
sib_mtz,1,11,24.552,0,1
sib_mtz,1,12,43.949,0,1
sib_mtz,1,13,35.092,0,1
sib_mtz,1,14,39.825,0,1
sib_mtz,2,1,22.098,0,0
sib_mtz,2,2,12.289,0,0
sib_mtz,2,3,4.407,0,0
sib_mtz,2,4,73.441,0,0
sib_mtz,2,5,27.447,0,0
sib_mtz,2,6,25.604,0,0
sib_mtz,2,7,26.862,0,0
sib_mtz,2,8,10.369,0,0
sib_mtz,3,1,32.386,0,0
sib_mtz,3,2,38.43,0,0
sib_mtz,3,3,34.186,0,0
sib_mtz,3,4,32.756,0,0
sib_mtz,3,5,9.249,0,0
sib_mtz,3,6,36.408,0,0
sib_mtz,3,7,17.477,0,0
sib_mtz,3,8,22.177,0,0
sib_mtz,3,9,38.337,0,0
sib_mtz,3,10,16.432,0,0
sib_mtz,3,11,32.018,0,0
sib_mtz,4,1,30.221,0,0
sib_mtz,4,2,31.582,0,0
sib_mtz,4,3,28.24,0,0
sib_mtz,4,4,41.673,0,0
sib_mtz,4,5,62.929,0,0
sib_mtz,4,6,27.313,0,0
sib_mtz,4,7,28.864,0,0
sib_mtz,4,8,26.264,0,0
sib_mtz,5,1,23.748,0,0
sib_mtz,5,2,43.853,0,0
sib_mtz,5,3,40.167,0,0
sib_mtz,5,4,13.234,0,0
sib_mtz,5,5,15.547,0,0
sib_mtz,5,6,36.035,0,0
sib_mtz,5,7,37.422,0,0
sib_mtz,5,8,50.787,0,0
sib_mtz,5,9,10.436,0,0
sib_mtz,5,10,82.684,0,0
sib_mtz,5,11,27.769,0,0
sib_mtz,6,1,53.06,0,2
sib_mtz,6,2,41.72,0,2
sib_mtz,6,3,50.49,0,2
sib_mtz,6,4,16.143,0,2
sib_mtz,6,5,31.97,0,2
sib_mtz,6,6,35.373,0,2
sib_mtz,6,7,32.546,0,2
sib_mtz,6,8,21.253,0,2
sib_mtz,6,9,9.309,0,2
sib_mtz,6,10,48.07,0,2
sib_mtz,6,11,20.041,0,2
sib_mtz,7,1,34.699,0,3
sib_mtz,7,2,22.457,0,3
sib_mtz,7,3,26.872,0,3
sib_mtz,7,4,22.82,0,3
sib_mtz,7,5,15.594,0,3
sib_mtz,7,6,18.685,0,3
sib_mtz,7,7,24.005,0,3
sib_mtz,7,8,24.089,0,3
sib_mtz,7,9,19.253,0,3
sib_mtz,7,10,53.67,0,3
sib_mtz,7,11,19.907,0,3
sib_mtz,7,12,22.384,0,3
sib_mtz,7,13,16.058,0,3
sib_mtz,8,1,52.98,0,0
sib_mtz,8,2,40.026,0,0
sib_mtz,8,3,22.833,0,0
sib_mtz,8,4,32.634,0,0
sib_mtz,8,5,46.297,0,0
sib_mtz,8,6,35.535,0,0
sib_mtz,8,7,43.768,0,0
sib_mtz,8,8,20.381,0,0
sib_mtz,8,9,46.473,0,0
sib_mtz,8,10,11.314,0,0
sib_mtz,8,11,44.058,0,0
sib_mtz,9,1,55.87,0,2
sib_mtz,9,2,52.665,0,2
sib_mtz,9,3,25.297,0,2
sib_mtz,9,4,31.164,0,2
sib_mtz,9,5,36.991,0,2
sib_mtz,9,6,22.945,0,2
sib_mtz,9,7,27.847,0,2
sib_mtz,9,8,37.87,0,2
sib_mtz,9,9,21.137,0,2
sib_mtz,9,10,21.553,0,2
sib_mtz,9,11,39.318,0,2
sib_mtz,9,12,30.009,0,2
sib_mtz,9,13,39.35,0,2
sib_mtz,9,14,33.042,0,2
sib_mtz,9,15,41.097,0,2
sib_mtz,9,16,38.159,0,2
sib_mtz,10,1,46.647,0,0
sib_mtz,10,2,46.085,0,0
sib_mtz,10,3,31.796,0,0
sib_mtz,10,4,15.871,0,0
sib_mtz,10,5,16.373,0,0
sib_mtz,10,6,38.096,0,0
sib_mtz,10,7,24.521,0,0
sib_mtz,10,8,51.672,0,0
sib_mtz,10,9,29.706,0,0
sib_mtz,11,1,41.875,0,0
sib_mtz,11,2,31.249,0,0
sib_mtz,11,3,23.883,0,0
sib_mtz,11,4,15.849,0,0
sib_mtz,11,5,17.48,0,0
sib_mtz,11,6,17.877,0,0
sib_mtz,11,7,14.133,0,0
sib_mtz,11,8,25.624,0,0
sib_mtz,11,9,24.526,0,0
sib_mtz,11,10,15.245,0,0
sib_mtz,11,11,12.1,0,0
sib_mtz,11,12,6.859,0,0
ctrl_MO,1,1,7.122,0,1
ctrl_MO,1,2,39.618,0,1
ctrl_MO,1,3,35.819,0,1
ctrl_MO,1,4,17.956,0,1
ctrl_MO,1,5,16.383,0,1
ctrl_MO,1,6,29.205,0,1
ctrl_MO,1,7,15.548,0,1
ctrl_MO,1,8,20.203,0,1
ctrl_MO,1,9,31.266,0,1
ctrl_MO,1,10,31.122,0,1
ctrl_MO,1,11,14.907,0,1
ctrl_MO,1,12,13.262,0,1
ctrl_MO,1,13,2.978,0,1
ctrl_MO,2,1,42.386,0,0
ctrl_MO,2,2,17.206,0,0
ctrl_MO,2,3,23.682,0,0
ctrl_MO,2,4,17.638,0,0
ctrl_MO,2,5,24.739,0,0
ctrl_MO,2,6,27.541,0,0
ctrl_MO,2,7,55.468,0,0
ctrl_MO,2,8,15.667,0,0
ctrl_MO,2,9,60.502,0,0
ctrl_MO,2,10,26.222,0,0
ctrl_MO,2,11,61.782,0,0
ctrl_MO,2,12,22.886,0,0
ctrl_MO,2,13,44.327,0,0
ctrl_MO,2,14,34.935,0,0
ctrl_MO,3,1,30.928,0,1
ctrl_MO,3,2,79.771,0,1
ctrl_MO,3,3,34.205,0,1
ctrl_MO,3,4,34.522,0,1
ctrl_MO,3,5,18.28,0,1
ctrl_MO,3,6,37.335,0,1
ctrl_MO,3,7,67.238,0,1
ctrl_MO,3,8,18.326,0,1
ctrl_MO,3,9,25.587,0,1
ctrl_MO,3,10,46.347,0,1
ctrl_MO,4,1,21.947,0,0
ctrl_MO,4,2,15.031,0,0
ctrl_MO,4,3,24.216,0,0
ctrl_MO,4,4,28.181,0,0
ctrl_MO,4,5,19.399,0,0
ctrl_MO,4,6,22.584,0,0
ctrl_MO,4,7,53.799,0,0
ctrl_MO,4,8,36.705,0,0
ctrl_MO,4,9,48.41,0,0
ctrl_MO,4,10,10.585,0,0
ctrl_MO,4,11,19.977,0,0
ctrl_MO,4,12,20.573,0,0
ctrl_MO,5,1,53.003,0,1
ctrl_MO,5,2,52.536,0,1
ctrl_MO,5,3,115.132,0,1
ctrl_MO,5,4,50.095,0,1
ctrl_MO,5,5,74.025,0,1
ctrl_MO,5,6,95.86,0,1
ctrl_MO,5,7,22.561,0,1
ctrl_MO,6,1,45.373,0,0
ctrl_MO,6,2,59.92,0,0
ctrl_MO,6,3,30.333,0,0
ctrl_MO,6,4,40.757,0,0
ctrl_MO,6,5,23.436,0,0
ctrl_MO,6,6,33.621,0,0
ctrl_MO,6,7,12.961,0,0
ctrl_MO,6,8,28.354,0,0
ctrl_MO,6,9,18.598,0,0
ctrl_MO,6,10,30.536,0,0
ctrl_MO,6,11,23.938,0,0
ctrl_MO,6,12,31.581,0,0
ctrl_MO,7,1,44.371,0,0
ctrl_MO,7,2,33.308,0,0
ctrl_MO,7,3,35.417,0,0
ctrl_MO,7,4,68.289,0,0
ctrl_MO,7,5,29.432,0,0
ctrl_MO,7,6,72.654,0,0
ctrl_MO,7,7,59.834,0,0
ctrl_MO,7,8,24.851,0,0
ctrl_MO,7,9,35.02,0,0
ctrl_MO,7,10,39.172,0,0
ctrl_MO,7,11,28.433,0,0
ctrl_MO,8,1,30.903,0,0
ctrl_MO,8,2,63.343,0,0
ctrl_MO,8,3,27.604,0,0
ctrl_MO,8,4,19.289,0,0
ctrl_MO,8,5,25.201,0,0
ctrl_MO,8,6,28.105,0,0
ctrl_MO,8,7,32.051,0,0
ctrl_MO,8,8,27.212,0,0
ctrl_MO,8,9,31.384,0,0
ctrl_MO,8,10,17.315,0,0
ctrl_MO,8,11,27.623,0,0
ctrl_MO,8,12,41.673,0,0
ctrl_MO,8,13,43.25,0,0
ctrl_MO,9,1,32.934,0,2
ctrl_MO,9,2,25.739,0,2
ctrl_MO,9,3,22.027,0,2
ctrl_MO,9,4,48.94,0,2
ctrl_MO,9,5,45.166,0,2
ctrl_MO,9,6,55.205,0,2
ctrl_MO,9,7,50.841,0,2
ctrl_MO,9,8,74.449,0,2
ctrl_MO,10,1,31.171,1,0
ctrl_MO,10,2,43.403,1,0
ctrl_MO,10,3,39.128,1,0
ctrl_MO,10,4,25.584,1,0
ctrl_MO,10,5,21.603,1,0
ctrl_MO,10,6,20.911,1,0
ctrl_MO,10,7,34.703,1,0
ctrl_MO,10,8,21.873,1,0
ctrl_MO,10,9,64.775,1,0
ctrl_MO,10,10,42.498,1,0
ctrl_MO,10,11,58.265,1,0
ctrl_MO,11,1,17.179,0,1
ctrl_MO,11,2,27.236,0,1
ctrl_MO,11,3,43.097,0,1
ctrl_MO,11,4,56.735,0,1
ctrl_MO,11,5,44.427,0,1
ctrl_MO,11,6,15.211,0,1
ctrl_MO,11,7,34.152,0,1
ctrl_MO,11,8,46.099,0,1
ctrl_MO,11,9,55.662,0,1
ctrl_MO,11,10,63.781,0,1
ctrl_MO,11,11,50.618,0,1
ctrl_MO,11,12,18.142,0,1
ctrl_MO,11,13,20.109,0,1
ctrl_MO,11,14,10.009,0,1
ctrl_MO,11,15,19.554,0,1
ctrl_MO,12,1,21.583,0,3
ctrl_MO,12,2,41.028,0,3
ctrl_MO,12,3,69.082,0,3
ctrl_MO,12,4,17.436,0,3
ctrl_MO,12,5,30.515,0,3
ctrl_MO,12,6,48.227,0,3
ctrl_MO,12,7,16.91,0,3
ctrl_MO,12,8,17.045,0,3
ctrl_MO,12,9,30.266,0,3
ctrl_MO,12,10,27.814,0,3
ctrl_MO,12,11,33.595,0,3
ctrl_MO,12,12,48.542,0,3
ctrl_MO,13,1,53.233,0,0
ctrl_MO,13,2,54.3,0,0
ctrl_MO,13,3,9.137,0,0
ctrl_MO,13,4,71.586,0,0
ctrl_MO,13,5,44.156,0,0
ctrl_MO,13,6,51.096,0,0
ctrl_MO,13,7,52.813,0,0
ctrl_MO,14,1,19.148,0,0
ctrl_MO,14,2,31.941,0,0
ctrl_MO,14,3,36.73,0,0
ctrl_MO,14,4,45.476,0,0
ctrl_MO,14,5,21.249,0,0
ctrl_MO,14,6,45.776,0,0
ctrl_MO,14,7,68.422,0,0
ctrl_MO,14,8,51.685,0,0
ctrl_MO,14,9,61.505,0,0
ctrl_MO,14,10,41.854,0,0
ctrl_MO,15,1,38.182,0,1
ctrl_MO,15,2,41.573,0,1
ctrl_MO,15,3,33.329,0,1
ctrl_MO,15,4,32.729,0,1
ctrl_MO,15,5,28.516,0,1
ctrl_MO,15,6,19.426,0,1
ctrl_MO,15,7,22.745,0,1
ctrl_MO,15,8,30.145,0,1
DMSO_gw,1,1,32.585,0,0
DMSO_gw,1,2,55.659,0,0
DMSO_gw,1,3,21.362,0,0
DMSO_gw,1,4,46.324,0,0
DMSO_gw,1,5,47.334,0,0
DMSO_gw,1,6,56.015,0,0
DMSO_gw,1,7,40.442,0,0
DMSO_gw,1,8,20.081,0,0
DMSO_gw,1,9,50.974,0,0
DMSO_gw,1,10,38.262,0,0
DMSO_gw,2,1,30.149,0,0
DMSO_gw,2,2,50.238,0,0
DMSO_gw,2,3,60.09,0,0
DMSO_gw,2,4,98.028,0,0
DMSO_gw,2,5,61.256,0,0
DMSO_gw,3,1,61.069,0,0
DMSO_gw,3,2,64.417,0,0
DMSO_gw,3,3,65.953,0,0
DMSO_gw,3,4,38.947,0,0
DMSO_gw,3,5,27.099,0,0
DMSO_gw,3,6,46.543,0,0
DMSO_gw,3,7,38.739,0,0
DMSO_gw,4,1,20.82,0,0
DMSO_gw,4,2,33.034,0,0
DMSO_gw,4,3,40.501,0,0
DMSO_gw,4,4,49.043,0,0
DMSO_gw,4,5,56.72,0,0
DMSO_gw,4,6,49.318,0,0
DMSO_gw,4,7,14.708,0,0
DMSO_gw,4,8,21.991,0,0
DMSO_gw,4,9,37.109,0,0
DMSO_gw,4,10,27.563,0,0
DMSO_gw,4,11,18.554,0,0
DMSO_gw,4,12,45.309,0,0
DMSO_gw,5,1,48.395,0,0
DMSO_gw,5,2,47.831,0,0
DMSO_gw,5,3,54.7,0,0
DMSO_gw,5,4,27.172,0,0
DMSO_gw,5,5,24.757,0,0
DMSO_gw,5,6,63.636,0,0
DMSO_gw,5,7,42.023,0,0
DMSO_gw,5,8,34.019,0,0
DMSO_gw,5,9,18.648,0,0
DMSO_gw,5,10,26.295,0,0
DMSO_gw,5,11,20.231,0,0
DMSO_gw,6,1,40.62,0,0
DMSO_gw,6,2,27.745,0,0
DMSO_gw,6,3,30.546,0,0
DMSO_gw,6,4,44.693,0,0
DMSO_gw,6,5,20.869,0,0
DMSO_gw,6,6,71.901,0,0
DMSO_gw,6,7,43.683,0,0
DMSO_gw,6,8,12.167,0,0
DMSO_gw,6,9,30.668,0,0
DMSO_gw,6,10,20.314,0,0
DMSO_gw,7,1,64.354,0,0
DMSO_gw,7,2,53.137,0,0
DMSO_gw,7,3,21.115,0,0
DMSO_gw,7,4,69.179,0,0
DMSO_gw,7,5,84.095,0,0
DMSO_gw,8,1,41.496,0,0
DMSO_gw,8,2,41.286,0,0
DMSO_gw,8,3,24.447,0,0
DMSO_gw,8,4,33.246,0,0
DMSO_gw,8,5,47.285,0,0
DMSO_gw,8,6,65.053,0,0
DMSO_gw,8,7,63.757,0,0
DMSO_gw,8,8,23.483,0,0
DMSO_gw,8,9,36.432,0,0
DMSO_gw,8,10,64.659,0,0
DMSO_gw,8,11,35.173,0,0
DMSO_gw,8,12,34.332,0,0
DMSO_gw,9,1,44.153,0,0
DMSO_gw,9,2,26.647,0,0
DMSO_gw,9,3,32.537,0,0
DMSO_gw,9,4,64.122,0,0
DMSO_gw,9,5,51.819,0,0
DMSO_gw,9,6,64.028,0,0
DMSO_gw,9,7,40.737,0,0
DMSO_gw,10,1,48.634,0,0
DMSO_gw,10,2,77.477,0,0
DMSO_gw,10,3,52.051,0,0
DMSO_gw,10,4,73.077,0,0
DMSO_gw,10,5,34.339,0,0
DMSO_gw,10,6,62.18,0,0
DMSO_gw,10,7,118.246,0,0
DMSO_gw,10,8,78.905,0,0
DMSO_gw,10,9,28.293,0,0
DMSO_gw,10,10,19.842,0,0
DMSO_gw,11,1,21.596,0,0
DMSO_gw,11,2,27.903,0,0
DMSO_gw,11,3,22.772,0,0
DMSO_gw,11,4,42.052,0,0
DMSO_gw,11,5,44.625,0,0
DMSO_gw,11,6,54.441,0,0
DMSO_gw,11,7,39.867,0,0
DMSO_gw,11,8,61.543,0,0
DMSO_gw,11,9,21.881,0,0
DMSO_gw,11,10,50.935,0,0
DMSO_gw,11,11,33.12,0,0
DMSO_gw,11,12,34.822,0,0
DMSO_gw,11,13,15.989,0,0
DMSO_gw,11,14,42.703,0,0
DMSO_gw,11,15,28.402,0,0
DMSO_gw,11,16,27.395,0,0
DMSO_gw,12,1,42.567,0,0
DMSO_gw,12,2,33.792,0,0
DMSO_gw,12,3,38.217,0,0
DMSO_gw,12,4,22.567,0,0
DMSO_gw,12,5,41.357,0,0
DMSO_gw,12,6,76.258,0,0
DMSO_gw,12,7,36.4,0,0
DMSO_gw,12,8,44.071,0,0
DMSO_gw,13,1,28.496,0,0
DMSO_gw,13,2,6.231,0,0
DMSO_gw,13,3,8.477,0,0
DMSO_gw,13,4,27.036,0,0
DMSO_gw,13,5,18.971,0,0
DMSO_gw,13,6,39.495,0,0
DMSO_gw,13,7,38.708,0,0
DMSO_gw,13,8,7.103,0,0
DMSO_gw,13,9,47.657,0,0
DMSO_gw,13,10,37.666,0,0
DMSO_gw,13,11,13.125,0,0
DMSO_gw,13,12,26.307,0,0
DMSO_gw,13,13,29.367,0,0
DMSO_gw,13,14,25.572,0,0
DMSO_gw,13,15,10.787,0,0
DMSO_gw,13,16,28.818,0,0
DMSO_gw,13,17,21.195,0,0
DMSO_gw,13,18,28.637,0,0
DMSO_gw,13,19,17.684,0,0
DMSO_gw,13,20,50.593,0,0
DMSO_gw,14,1,42.592,0,0
DMSO_gw,14,2,33.004,0,0
DMSO_gw,14,3,64.744,0,0
DMSO_gw,14,4,29.578,0,0
DMSO_gw,14,5,21.464,0,0
DMSO_gw,14,6,17.822,0,0
DMSO_gw,14,7,28.976,0,0
DMSO_gw,14,8,59.423,0,0
DMSO_gw,14,9,23.412,0,0
DMSO_gw,14,10,26.875,0,0
DMSO_gw,15,1,62.025,0,0
DMSO_gw,15,2,27.17,0,0
DMSO_gw,15,3,48.593,0,0
DMSO_gw,15,4,59.25,0,0
DMSO_gw,15,5,60.068,0,0
DMSO_gw,15,6,36.589,0,0
DMSO_gw,15,7,21.717,0,0
DMSO_gw,15,8,34.531,0,0
DMSO_gw,15,9,25.108,0,0
DMSO_gw,15,10,17.392,0,0
DMSO_gw,15,11,35.24,0,0
DMSO_gw,15,12,18.989,0,0
DMSO_gw,15,13,50.57,0,0
GW2580,1,1,16.079,0,0
GW2580,1,2,31.745,0,0
GW2580,1,3,38.238,0,0
GW2580,1,4,10.581,0,0
GW2580,1,5,29.266,0,0
GW2580,1,6,44.763,0,0
GW2580,1,7,42.733,0,0
GW2580,1,8,29.734,0,0
GW2580,1,9,42.085,0,0
GW2580,1,10,30.38,0,0
GW2580,1,11,66.805,0,0
GW2580,1,12,53.312,0,0
GW2580,1,13,19.2,0,0
GW2580,2,1,32.182,0,0
GW2580,2,2,33.662,0,0
GW2580,2,3,36.665,0,0
GW2580,2,4,32.691,0,0
GW2580,2,5,24.992,0,0
GW2580,2,6,30.49,0,0
GW2580,2,7,34.592,0,0
GW2580,2,8,35.285,0,0
GW2580,2,9,30.351,0,0
GW2580,2,10,28.96,0,0
GW2580,2,11,27.058,0,0
GW2580,2,12,17.642,0,0
GW2580,2,13,39.82,0,0
GW2580,2,14,29.231,0,0
GW2580,3,1,33.519,0,0
GW2580,3,2,33.883,0,0
GW2580,3,3,39.881,0,0
GW2580,3,4,71.419,0,0
GW2580,3,5,34.198,0,0
GW2580,3,6,37.75,0,0
GW2580,3,7,20.595,0,0
GW2580,3,8,55.024,0,0
GW2580,4,1,34.658,0,2
GW2580,4,2,25.226,0,2
GW2580,4,3,22.364,0,2
GW2580,4,4,27.269,0,2
GW2580,4,5,16.353,0,2
GW2580,4,6,17.414,0,2
GW2580,4,7,13.863,0,2
GW2580,4,8,20.255,0,2
GW2580,4,9,19.061,0,2
GW2580,4,10,12.826,0,2
GW2580,4,11,29.276,0,2
GW2580,5,1,35.559,0,1
GW2580,5,2,31.471,0,1
GW2580,5,3,22.797,0,1
GW2580,5,4,38.181,0,1
GW2580,5,5,42.686,0,1
GW2580,5,6,26.945,0,1
GW2580,5,7,44.172,0,1
GW2580,5,8,9.553,0,1
GW2580,5,9,28.804,0,1
GW2580,5,10,50.105,0,1
GW2580,5,11,42.341,0,1
GW2580,5,12,25.778,0,1
GW2580,5,13,27.269,0,1
GW2580,5,14,60.732,0,1
GW2580,5,15,52.773,0,1
GW2580,5,16,42.472,0,1
GW2580,6,1,30.365,0,3
GW2580,6,2,37.926,0,3
GW2580,6,3,31.398,0,3
GW2580,6,4,40.119,0,3
GW2580,6,5,29.47,0,3
GW2580,6,6,22.921,0,3
GW2580,6,7,33.828,0,3
GW2580,6,8,34.38,0,3
GW2580,6,9,17.293,0,3
GW2580,6,10,44.022,0,3
GW2580,6,11,14.064,0,3
GW2580,6,12,56.465,0,3
GW2580,6,13,17.617,0,3
GW2580,6,14,62.463,0,3
GW2580,6,15,25.173,0,3
GW2580,7,1,19.767,0,0
GW2580,7,2,25.681,0,0
GW2580,7,3,20.036,0,0
GW2580,7,4,38.917,0,0
GW2580,7,5,25.285,0,0
GW2580,7,6,27.898,0,0
GW2580,7,7,29.538,0,0
GW2580,7,8,24.94,0,0
GW2580,7,9,25.081,0,0
GW2580,7,10,13.881,0,0
GW2580,7,11,39.416,0,0
GW2580,7,12,28.966,0,0
GW2580,7,13,50.775,0,0
GW2580,7,14,33.571,0,0
GW2580,8,1,19.97,1,0
GW2580,8,2,7.395,1,0
GW2580,8,3,22.741,1,0
GW2580,8,4,20.542,1,0
GW2580,8,5,13.63,1,0
GW2580,8,6,28.031,1,0
GW2580,8,7,34.927,1,0
GW2580,8,8,18.204,1,0
GW2580,8,9,25.771,1,0
GW2580,8,10,40.688,1,0
GW2580,8,11,9.275,1,0
GW2580,8,12,6.32,1,0
GW2580,8,13,8.49,1,0
GW2580,8,14,23.175,1,0
GW2580,8,15,30.963,1,0
GW2580,8,16,41.11,1,0
GW2580,8,17,11.705,1,0
GW2580,8,18,25.74,1,0
GW2580,8,19,19.171,1,0
GW2580,8,20,15.139,1,0
GW2580,8,21,3.139,1,0
GW2580,9,1,8.065,0,0
GW2580,9,2,4.811,0,0
GW2580,9,3,22.397,0,0
GW2580,9,4,17.294,0,0
GW2580,9,5,10.65,0,0
GW2580,9,6,8.131,0,0
GW2580,9,7,66.802,0,0
GW2580,9,8,25.969,0,0
GW2580,9,9,26.52,0,0
GW2580,9,10,32.77,0,0
GW2580,9,11,32.979,0,0
GW2580,9,12,20.267,0,0
GW2580,9,13,24.117,0,0
GW2580,9,14,10.242,0,0
GW2580,9,15,16.167,0,0
GW2580,9,16,10.023,0,0
GW2580,9,17,22.44,0,0
GW2580,9,18,14.32,0,0
GW2580,9,19,3.253,0,0
GW2580,9,20,7.056,0,0
GW2580,9,21,32.981,0,0
GW2580,9,22,21.465,0,0
GW2580,10,1,11.73,0,0
GW2580,10,2,14.339,0,0
GW2580,10,3,19.377,0,0
GW2580,10,4,4.353,0,0
GW2580,10,5,25.492,0,0
GW2580,10,6,2.703,0,0
GW2580,10,7,7.881,0,0
GW2580,10,8,10.214,0,0
GW2580,10,9,7.809,0,0
GW2580,10,10,6.845,0,0
GW2580,10,11,35.976,0,0
GW2580,10,12,18.687,0,0
GW2580,10,13,31.42,0,0
GW2580,10,14,17.045,0,0
GW2580,10,15,9.667,0,0
GW2580,10,16,31.215,0,0
GW2580,10,17,6.689,0,0
GW2580,10,18,38.308,0,0
GW2580,10,19,33.645,0,0
GW2580,10,20,23.199,0,0
GW2580,10,21,15.831,0,0
GW2580,10,22,23.017,0,0
GW2580,10,23,30.387,0,0
GW2580,10,24,3.917,0,0
GW2580,11,1,17.706,1,0
GW2580,11,2,43.846,1,0
GW2580,11,3,19.804,1,0
GW2580,11,4,35.086,1,0
GW2580,11,5,47.129,1,0
GW2580,11,6,26.176,1,0
GW2580,11,7,47.66,1,0
GW2580,11,8,80.766,1,0
GW2580,12,1,28.108,0,0
GW2580,12,2,18.745,0,0
GW2580,12,3,22.13,0,0
GW2580,12,4,62.742,0,0
GW2580,12,5,49.275,0,0
GW2580,12,6,45.602,0,0
GW2580,12,7,54.393,0,0
GW2580,12,8,38.181,0,0
GW2580,12,9,61.474,0,0
GW2580,13,1,55.027,0,3
GW2580,13,2,34.248,0,3
GW2580,13,3,14.04,0,3
GW2580,13,4,36.303,0,3
GW2580,13,5,43.32,0,3
GW2580,13,6,49.398,0,3
GW2580,13,7,43.413,0,3
GW2580,13,8,26.045,0,3
GW2580,13,9,50.376,0,3
GW2580,13,10,45.468,0,3
GW2580,13,11,46.222,0,3
GW2580,13,12,62.428,0,3
GW2580,13,13,25.857,0,3
GW2580,13,14,21.006,0,3
GW2580,14,1,57.354,0,0
GW2580,14,2,39.867,0,0
GW2580,14,3,62.822,0,0
GW2580,14,4,33.794,0,0
GW2580,14,5,40.033,0,0
GW2580,14,6,62.728,0,0
GW2580,14,7,35.821,0,0
GW2580,14,8,53.498,0,0
GW2580,14,9,49.481,0,0
GW2580,15,1,11.366,2,0
GW2580,15,2,38.137,2,0
GW2580,15,3,5.633,2,0
GW2580,15,4,24.304,2,0
GW2580,15,5,40.453,2,0
GW2580,15,6,14.064,2,0
GW2580,15,7,10.995,2,0
GW2580,15,8,19.514,2,0
GW2580,15,9,31.725,2,0
GW2580,15,10,28.174,2,0
GW2580,15,11,19.49,2,0
GW2580,15,12,18.531,2,0
GW2580,15,13,19.009,2,0
GW2580,15,14,23.318,2,0
GW2580,15,15,9.047,2,0
GW2580,15,16,9.256,2,0
GW2580,15,17,47.695,2,0
GW2580,15,18,35.09,2,0
GW2580,15,19,5.931,2,0
GW2580,16,1,27.848,0,0
GW2580,16,2,26.103,0,0
GW2580,16,3,42.041,0,0
GW2580,16,4,26.206,0,0
GW2580,16,5,59.179,0,0
GW2580,16,6,37.094,0,0
GW2580,16,7,25.889,0,0
GW2580,16,8,42.133,0,0
GW2580,16,9,64.038,0,0
GW2580,16,10,46.162,0,0
GW2580,16,11,50.976,0,0
GW2580,16,12,43.184,0,0
Irf8_MO,1,1,25.703,0,2
Irf8_MO,1,2,10.792,0,2
Irf8_MO,1,3,21.025,0,2
Irf8_MO,1,4,28.82,0,2
Irf8_MO,1,5,43.895,0,2
Irf8_MO,1,6,60.346,0,2
Irf8_MO,1,7,52.75,0,2
Irf8_MO,1,8,21.122,0,2
Irf8_MO,1,9,61.498,0,2
Irf8_MO,2,1,23.686,0,0
Irf8_MO,2,2,15.576,0,0
Irf8_MO,2,3,41.403,0,0
Irf8_MO,2,4,17.458,0,0
Irf8_MO,2,5,43.899,0,0
Irf8_MO,2,6,52.488,0,0
Irf8_MO,2,7,42.403,0,0
Irf8_MO,2,8,25.089,0,0
Irf8_MO,2,9,88.267,0,0
Irf8_MO,2,10,17.572,0,0
Irf8_MO,2,11,26.39,0,0
Irf8_MO,2,12,22.128,0,0
Irf8_MO,2,13,32.32,0,0
Irf8_MO,2,14,30.995,0,0
Irf8_MO,2,15,8.042,0,0
Irf8_MO,3,1,32.326,0,0
Irf8_MO,3,2,39.414,0,0
Irf8_MO,3,3,71.895,0,0
Irf8_MO,3,4,22.57,0,0
Irf8_MO,3,5,31.664,0,0
Irf8_MO,3,6,62.684,0,0
Irf8_MO,3,7,44.514,0,0
Irf8_MO,3,8,60.553,0,0
Irf8_MO,3,9,53.636,0,0
Irf8_MO,3,10,41.717,0,0
Irf8_MO,4,1,39.455,3,0
Irf8_MO,4,2,31.896,3,0
Irf8_MO,4,3,42.52,3,0
Irf8_MO,4,4,36.468,3,0
Irf8_MO,4,5,14.433,3,0
Irf8_MO,4,6,10.304,3,0
Irf8_MO,4,7,15.67,3,0
Irf8_MO,4,8,5.928,3,0
Irf8_MO,4,9,37.528,3,0
Irf8_MO,4,10,39.54,3,0
Irf8_MO,4,11,14.892,3,0
Irf8_MO,4,12,29.045,3,0
Irf8_MO,4,13,34.388,3,0
Irf8_MO,4,14,2.931,3,0
Irf8_MO,5,1,27.559,0,0
Irf8_MO,5,2,27.197,0,0
Irf8_MO,5,3,25.909,0,0
Irf8_MO,5,4,18.97,0,0
Irf8_MO,5,5,28.933,0,0
Irf8_MO,5,6,8.272,0,0
Irf8_MO,5,7,14.386,0,0
Irf8_MO,5,8,39.383,0,0
Irf8_MO,5,9,23.643,0,0
Irf8_MO,5,10,7.928,0,0
Irf8_MO,5,11,30.199,0,0
Irf8_MO,5,12,40.654,0,0
Irf8_MO,5,13,26.734,0,0
Irf8_MO,5,14,13.792,0,0
Irf8_MO,5,15,21.699,0,0
Irf8_MO,5,16,27.284,0,0
Irf8_MO,5,17,35.798,0,0
Irf8_MO,5,18,32.907,0,0
Irf8_MO,6,1,22.842,0,0
Irf8_MO,6,2,18.947,0,0
Irf8_MO,6,3,27.197,0,0
Irf8_MO,6,4,25.911,0,0
Irf8_MO,6,5,45.989,0,0
Irf8_MO,6,6,20.619,0,0
Irf8_MO,6,7,37.544,0,0
Irf8_MO,6,8,21.17,0,0
Irf8_MO,6,9,14.48,0,0
Irf8_MO,6,10,46.604,0,0
Irf8_MO,6,11,28.135,0,0
Irf8_MO,6,12,27.217,0,0
Irf8_MO,6,13,4.467,0,0
Irf8_MO,6,14,35.469,0,0
Irf8_MO,6,15,24.954,0,0
Irf8_MO,6,16,36.247,0,0
Irf8_MO,6,17,33.375,0,0
Irf8_MO,7,1,8.869,3,2
Irf8_MO,7,2,44.225,3,2
Irf8_MO,7,3,36.457,3,2
Irf8_MO,7,4,32.832,3,2
Irf8_MO,7,5,11.431,3,2
Irf8_MO,7,6,26.549,3,2
Irf8_MO,7,7,34.813,3,2
Irf8_MO,7,8,32.942,3,2
Irf8_MO,7,9,7.97,3,2
Irf8_MO,7,10,13.745,3,2
Irf8_MO,7,11,34.526,3,2
Irf8_MO,7,12,30.192,3,2
Irf8_MO,7,13,18.672,3,2
Irf8_MO,7,14,10.745,3,2
Irf8_MO,7,15,19.82,3,2
Irf8_MO,7,16,35.307,3,2
Irf8_MO,7,17,19.06,3,2
Irf8_MO,7,18,3.253,3,2
Irf8_MO,7,19,5.314,3,2
Irf8_MO,7,20,4.306,3,2
Irf8_MO,7,21,6.62,3,2
Irf8_MO,7,22,10.536,3,2
Irf8_MO,7,23,4.194,3,2
Irf8_MO,7,24,6.186,3,2
Irf8_MO,7,25,3.139,3,2
Irf8_MO,8,1,14.619,0,0
Irf8_MO,8,2,7.581,0,0
Irf8_MO,8,3,19.379,0,0
Irf8_MO,8,4,13.634,0,0
Irf8_MO,8,5,11.364,0,0
Irf8_MO,8,6,6.6,0,0
Irf8_MO,8,7,11.319,0,0
Irf8_MO,8,8,22.27,0,0
Irf8_MO,8,9,16.863,0,0
Irf8_MO,8,10,22.408,0,0
Irf8_MO,8,11,19.155,0,0
Irf8_MO,8,12,26.781,0,0
Irf8_MO,8,13,27.492,0,0
Irf8_MO,8,14,16.977,0,0
Irf8_MO,8,15,60.696,0,0
Irf8_MO,9,1,19.088,0,2
Irf8_MO,9,2,30.877,0,2
Irf8_MO,9,3,19.225,0,2
Irf8_MO,9,4,12.781,0,2
Irf8_MO,9,5,8.319,0,2
Irf8_MO,9,6,26.327,0,2
Irf8_MO,9,7,15.555,0,2
Irf8_MO,9,8,11.364,0,2
Irf8_MO,9,9,48.705,0,2
Irf8_MO,9,10,20.579,0,2
Irf8_MO,9,11,28.984,0,2
Irf8_MO,9,12,18.378,0,2
Irf8_MO,9,13,19.775,0,2
Irf8_MO,9,14,9.075,0,2
Irf8_MO,9,15,14.892,0,2
Irf8_MO,9,16,20.941,0,2
Irf8_MO,9,17,30.974,0,2
Irf8_MO,9,18,9.003,0,2
Irf8_MO,9,19,7.217,0,2
Irf8_MO,9,20,46.514,0,2
Irf8_MO,9,21,22.544,0,2
Irf8_MO,9,22,10.343,0,2
Irf8_MO,10,1,14.703,4,0
Irf8_MO,10,2,8.658,4,0
Irf8_MO,10,3,22.96,4,0
Irf8_MO,10,4,28.73,4,0
Irf8_MO,10,5,8.156,4,0
Irf8_MO,10,6,26.211,4,0
Irf8_MO,10,7,9.531,4,0
Irf8_MO,10,8,39.222,4,0
Irf8_MO,10,9,19.886,4,0
Irf8_MO,10,10,25.775,4,0
Irf8_MO,10,11,25.611,4,0
Irf8_MO,10,12,24.561,4,0
Irf8_MO,10,13,35.073,4,0
Irf8_MO,10,14,21.206,4,0
Irf8_MO,11,1,29.924,3,0
Irf8_MO,11,2,12.893,3,0
Irf8_MO,11,3,7.378,3,0
Irf8_MO,11,4,8.5,3,0
Irf8_MO,11,5,28.409,3,0
Irf8_MO,11,6,23.545,3,0
Irf8_MO,11,7,26.555,3,0
Irf8_MO,11,8,32.341,3,0
Irf8_MO,11,9,26.758,3,0
Irf8_MO,11,10,54.208,3,0
Irf8_MO,11,11,27.051,3,0
Irf8_MO,11,12,41.691,3,0
Irf8_MO,11,13,26.392,3,0
Irf8_MO,11,14,37.801,3,0
Irf8_MO,12,1,38.416,2,0
Irf8_MO,12,2,52.721,2,0
Irf8_MO,12,3,23,2,0
Irf8_MO,12,4,19.909,2,0
Irf8_MO,12,5,42.384,2,0
Irf8_MO,12,6,47.608,2,0
Irf8_MO,13,1,16.556,0,1
Irf8_MO,13,2,6.664,0,1
Irf8_MO,13,3,33.427,0,1
Irf8_MO,13,4,8.542,0,1
Irf8_MO,13,5,6.117,0,1
Irf8_MO,13,6,18.578,0,1
Irf8_MO,13,7,9.392,0,1
Irf8_MO,13,8,27.632,0,1
Irf8_MO,13,9,10.009,0,1
Irf8_MO,13,10,14.708,0,1
Irf8_MO,13,11,8.728,0,1
Irf8_MO,13,12,14.618,0,1
Irf8_MO,13,13,9.692,0,1
Irf8_MO,13,14,11.27,0,1
Irf8_MO,13,15,11.431,0,1
Irf8_MO,13,16,17.681,0,1
Irf8_MO,13,17,3.917,0,1
Irf8_MO,13,18,16.658,0,1
Irf8_MO,13,19,16.611,0,1
Irf8_MO,13,20,13.38,0,1
Irf8_MO,13,21,14.911,0,1
Irf8_MO,13,22,20.09,0,1
Irf8_MO,13,23,13.72,0,1
Irf8_MO,13,24,17.78,0,1
Irf8_MO,13,25,20.111,0,1
Irf8_MO,14,1,23.463,0,1
Irf8_MO,14,2,23.991,0,1
Irf8_MO,14,3,15.008,0,1
Irf8_MO,14,4,14.433,0,1
Irf8_MO,14,5,5.842,0,1
Irf8_MO,14,6,15.211,0,1
Irf8_MO,14,7,10.586,0,1
Irf8_MO,14,8,19.197,0,1
Irf8_MO,14,9,13.838,0,1
Irf8_MO,14,10,24.514,0,1
Irf8_MO,14,11,16.59,0,1
Irf8_MO,14,12,19.54,0,1
Irf8_MO,14,13,9.872,0,1
Irf8_MO,14,14,23.159,0,1
Irf8_MO,14,15,17.458,0,1
Irf8_MO,14,16,20,0,1
Irf8_MO,14,17,47.237,0,1
Irf8_MO,14,18,23.597,0,1
Irf8_MO,14,19,5.453,0,1
Irf8_MO,14,20,6.915,0,1
Irf8_MO,15,1,36.488,0,0
Irf8_MO,15,2,7.903,0,0
Irf8_MO,15,3,15.895,0,0
Irf8_MO,15,4,10.31,0,0
Irf8_MO,15,5,23.224,0,0
Irf8_MO,15,6,4.353,0,0
Irf8_MO,15,7,10.378,0,0
Irf8_MO,15,8,12.665,0,0
Irf8_MO,15,9,11.22,0,0
Irf8_MO,15,10,19.123,0,0
Irf8_MO,15,11,27.11,0,0
Irf8_MO,15,12,31.188,0,0
Irf8_MO,15,13,21.19,0,0
Irf8_MO,15,14,4.742,0,0
Irf8_MO,15,15,4.031,0,0
Irf8_MO,15,16,6.412,0,0
Irf8_MO,15,17,5.178,0,0
Irf8_MO,15,18,7.653,0,0
Irf8_MO,15,19,43.524,0,0
Irf8_MO,15,20,8.495,0,0
Irf8_MO,15,21,24.718,0,0
Irf8_MO,15,22,8.203,0,0
Irf8_MO,15,23,5.681,0,0
Irf8_MO,15,24,4.353,0,0
Irf8_MO,15,25,5.728,0,0
Irf8_MO,15,26,10.576,0,0
Irf8_MO,15,27,9.942,0,0
Irf8_MO,15,28,15.328,0,0
Irf8_MO,15,29,5.131,0,0
Irf8_MO,15,30,4.031,0,0
Irf8_MO,15,31,2.817,0,0
Irf8_MO,15,32,3.158,0,0
Irf8_MO,15,33,10.261,0,0
Irf8_MO,15,34,30.845,0,0
Irf8_MO,16,1,23.195,3,0
Irf8_MO,16,2,33.13,3,0
Irf8_MO,16,3,6.231,3,0
Irf8_MO,16,4,3.528,3,0
Irf8_MO,16,5,11.342,3,0
Irf8_MO,16,6,10.811,3,0
Irf8_MO,16,7,25.307,3,0
Irf8_MO,16,8,15.392,3,0
Irf8_MO,16,9,25.703,3,0
Irf8_MO,16,10,36.559,3,0
Irf8_MO,16,11,15.89,3,0
Irf8_MO,16,12,18.164,3,0
Irf8_MO,16,13,20.666,3,0
Irf8_MO,16,14,29.846,3,0
Irf8_MO,16,15,14.731,3,0
Irf8_MO,16,16,18.421,3,0
Irf8_MO,16,17,9.047,3,0
Irf8_MO,16,18,12.256,3,0
Irf8_MO,16,19,10.925,3,0
Irf8_MO,16,20,18.231,3,0
Irf8_MO,16,21,28.997,3,0
Irf8_MO,16,22,13.839,3,0
Irf8_MO,16,23,9.806,3,0
Irf8_MO,16,24,30.031,3,0
Irf8_MO,16,25,10.264,3,0
Irf8_MO,17,1,24.248,5,0
Irf8_MO,17,2,37.017,5,0
Irf8_MO,17,3,58.837,5,0
Irf8_MO,17,4,8.817,5,0
Irf8_MO,17,5,24.697,5,0
Irf8_MO,17,6,20.917,5,0
Irf8_MO,17,7,12.208,5,0
Irf8_MO,17,8,23.454,5,0
Irf8_MO,17,9,10.606,5,0
Irf8_MO,17,10,22.158,5,0
Irf8_MO,17,11,9.231,5,0
Irf8_MO,17,12,9.37,5,0
Irf8_MO,17,13,19.86,5,0
Irf8_MO,17,14,17,5,0
Irf8_MO,17,15,19.059,5,0
Irf8_MO,17,16,7.142,5,0
Irf8_MO,17,17,17.247,5,0
Irf8_MO,17,18,24.233,5,0
Irf8_MO,17,19,34.525,5,0
Irf8_MO,18,1,27.719,0,0
Irf8_MO,18,2,48.849,0,0
Irf8_MO,18,3,23.134,0,0
Irf8_MO,18,4,26.756,0,0
Irf8_MO,18,5,54.151,0,0
Irf8_MO,18,6,15.191,0,0
Irf8_MO,18,7,55.361,0,0
Irf8_MO,18,8,22.262,0,0
Irf8_MO,18,9,25.416,0,0
Irf8_MO,18,10,18.739,0,0
Irf8_MO,18,11,27.85,0,0
Irf8_MO,18,12,46.318,0,0
Irf8_MO,18,13,33.615,0,0
Irf8_MO,18,14,4.306,0,0
Irf8_MO,18,15,6.136,0,0
Irf8_MO,19,1,41.512,3,0
Irf8_MO,19,2,11.359,3,0
Irf8_MO,19,3,22.34,3,0
Irf8_MO,19,4,7.995,3,0
Irf8_MO,19,5,33.244,3,0
Irf8_MO,19,6,46.512,3,0
Irf8_MO,19,7,13.678,3,0
Irf8_MO,19,8,13.172,3,0
Irf8_MO,19,9,22.089,3,0
Irf8_MO,19,10,45.108,3,0
Irf8_MO,19,11,33.126,3,0
Irf8_MO,20,1,6.461,1,0
Irf8_MO,20,2,9.62,1,0
Irf8_MO,20,3,13.792,1,0
Irf8_MO,20,4,16.437,1,0
Irf8_MO,20,5,5.472,1,0
Irf8_MO,20,6,8.658,1,0
Irf8_MO,20,7,4.856,1,0
Irf8_MO,20,8,5.681,1,0
Irf8_MO,20,9,8.683,1,0
Irf8_MO,20,10,12.323,1,0
Irf8_MO,20,11,10.672,1,0
Irf8_MO,20,12,6.439,1,0
Irf8_MO,20,13,10.076,1,0
Irf8_MO,20,14,12.897,1,0
Irf8_MO,20,15,19.151,1,0
Irf8_MO,20,16,21.071,1,0
Irf8_MO,20,17,16.356,1,0
Irf8_MO,20,18,28.289,1,0
Irf8_MO,20,19,7.767,1,0
Irf8_MO,20,20,2.314,1,0
Irf8_MO,20,21,13.013,1,0
Irf8_MO,20,22,20.388,1,0
Irf8_MO,20,23,6.872,1,0
Irf8_MO,20,24,28.432,1,0
Irf8_MO,20,25,31.153,1,0
Irf8_MO,21,1,22.698,2,1
Irf8_MO,21,2,23.642,2,1
Irf8_MO,21,3,5.681,2,1
Irf8_MO,21,4,5.542,2,1
Irf8_MO,21,5,10.536,2,1
Irf8_MO,21,6,14.201,2,1
Irf8_MO,21,7,26.34,2,1
Irf8_MO,21,8,27.165,2,1
Irf8_MO,21,9,6.781,2,1
Irf8_MO,21,10,27.743,2,1
Irf8_MO,21,11,51.856,2,1
Irf8_MO,21,12,15.392,2,1
Irf8_MO,21,13,24.031,2,1
Irf8_MO,21,14,37.703,2,1
Irf8_MO,21,15,25.77,2,1
Irf8_MO,21,16,3.255,2,1
Irf8_MO,21,17,7.464,2,1
Irf8_MO,21,18,52.044,2,1
Irf8_MO,21,19,6.112,2,1
Irf8_MO,21,20,3.917,2,1
Irf8_MO,21,21,1.489,2,1
Irf8_MO,22,1,24.534,0,1
Irf8_MO,22,2,34.092,0,1
Irf8_MO,22,3,41.516,0,1
Irf8_MO,22,4,35.355,0,1
Irf8_MO,22,5,27.992,0,1
Irf8_MO,22,6,15.177,0,1
Irf8_MO,22,7,39.928,0,1
Irf8_MO,22,8,8.224,0,1
Irf8_MO,22,9,54.035,0,1
Irf8_MO,22,10,40.01,0,1
Irf8_MO,22,11,32.229,0,1
Irf8_MO,22,12,22.495,0,1
Irf8_MO,22,13,42.609,0,1
Irf8_MO,22,14,17.34,0,1
Irf8_MO,23,1,25.339,0,0
Irf8_MO,23,2,32.784,0,0
Irf8_MO,23,3,29.165,0,0
Irf8_MO,23,4,18.88,0,0
Irf8_MO,23,5,45.519,0,0
Irf8_MO,23,6,16.106,0,0
Irf8_MO,23,7,35.972,0,0
Irf8_MO,23,8,22.104,0,0
Irf8_MO,23,9,20.664,0,0
Irf8_MO,23,10,28.952,0,0
Irf8_MO,23,11,8.775,0,0
Irf8_MO,23,12,20.255,0,0
Irf8_MO,23,13,6.733,0,0
Irf8_MO,23,14,31.387,0,0
Irf8_MO,23,15,9.847,0,0
Irf8_MO,23,16,26.754,0,0
Irf8_MO,24,1,33.452,0,0
Irf8_MO,24,2,19.473,0,0
Irf8_MO,24,3,18.119,0,0
Irf8_MO,24,4,32.649,0,0
Irf8_MO,24,5,26.915,0,0
Irf8_MO,24,6,34.919,0,0
Irf8_MO,24,7,9.049,0,0
Irf8_MO,24,8,21.169,0,0
Irf8_MO,24,9,35.6,0,0
Irf8_MO,24,10,10.678,0,0
Irf8_MO,24,11,35.42,0,0
Irf8_MO,24,12,34.041,0,0
Irf8_MO,24,13,20.319,0,0
Irf8_MO,24,14,17.846,0,0
Irf8_MO,24,15,16.814,0,0
Irf8_MO,24,16,37.64,0,0
Irf8_MO,24,17,22.175,0,0
Irf8_MO,24,18,18.601,0,0
Irf8_MO,24,19,18.744,0,0
Irf8_MO,24,20,16.034,0,0
Irf8_MO,24,21,19.628,0,0
Irf8_MO,25,1,12.322,2,0
Irf8_MO,25,2,8.247,2,0
Irf8_MO,25,3,9.206,2,0
Irf8_MO,25,4,5.889,2,0
Irf8_MO,25,5,29.895,2,0
Irf8_MO,25,6,19.245,2,0
Irf8_MO,25,7,16.313,2,0
Irf8_MO,25,8,6.461,2,0
Irf8_MO,25,9,4.536,2,0
Irf8_MO,25,10,5.52,2,0
Irf8_MO,25,11,6.847,2,0
Irf8_MO,25,12,22.836,2,0
Irf8_MO,25,13,18.829,2,0
Irf8_MO,25,14,30.814,2,0
Irf8_MO,25,15,11.846,2,0
Irf8_MO,25,16,7.075,2,0
Irf8_MO,25,17,18.896,2,0
Irf8_MO,25,18,23.481,2,0
Irf8_MO,25,19,34.092,2,0
Irf8_MO,25,20,19.701,2,0
Irf8_MO,25,21,22.332,2,0
Irf8_MO,25,22,23.548,2,0
Irf8_MO,25,23,14.334,2,0
Irf8_MO,25,24,17.751,2,0
Irf8_MO,25,25,9.095,2,0
Irf8_MO,25,26,8.867,2,0
Irf8_MO,25,27,13.308,2,0
Irf8_MO,25,28,30.534,2,0
Irf8_MO,25,29,9.942,2,0
Irf8_MO,25,30,7.996,2,0
Irf8_MO,25,31,18.986,2,0
Irf8_MO,25,32,23.438,2,0
Irf8_MO,25,33,16.083,2,0
Irf8_MO,25,34,5.133,2,0
Irf8_MO,25,35,18.191,2,0
Irf8_MO,25,36,17.587,2,0
Irf8_MO,26,1,10.489,3,0
Irf8_MO,26,2,12.694,3,0
Irf8_MO,26,3,25.5,3,0
Irf8_MO,26,4,16.128,3,0
Irf8_MO,26,5,19.929,3,0
Irf8_MO,26,6,19.2,3,0
Irf8_MO,26,7,6.045,3,0
Irf8_MO,26,8,22.363,3,0
Irf8_MO,26,9,32.209,3,0
Irf8_MO,26,10,18.486,3,0
Irf8_MO,26,11,8.842,3,0
Irf8_MO,26,12,24.851,3,0
Irf8_MO,26,13,19.127,3,0
Irf8_MO,26,14,19.927,3,0
Irf8_MO,26,15,23.592,3,0
Irf8_MO,26,16,27.512,3,0
Irf8_MO,26,17,25.866,3,0
Irf8_MO,26,18,27.264,3,0
Irf8_MO,26,19,34.936,3,0
Irf8_MO,26,20,28.338,3,0
Irf8_MO,26,21,5.43,3,0
Irf8_MO,27,1,34.207,0,1
Irf8_MO,27,2,5.225,0,1
Irf8_MO,27,3,23.758,0,1
Irf8_MO,27,4,9.003,0,1
Irf8_MO,27,5,26.322,0,1
Irf8_MO,27,6,23.984,0,1
Irf8_MO,27,7,36.958,0,1
Irf8_MO,27,8,17.847,0,1
Irf8_MO,27,9,11.114,0,1
Irf8_MO,27,10,30.116,0,1
Irf8_MO,27,11,14.592,0,1
Irf8_MO,27,12,11.247,0,1
Irf8_MO,27,13,3.414,0,1
Irf8_MO,27,14,10.7,0,1
Irf8_MO,27,15,6.003,0,1
Irf8_MO,27,16,29.167,0,1
Irf8_MO,27,17,17.822,0,1
Irf8_MO,27,18,14.595,0,1
Irf8_MO,27,19,29.719,0,1
Irf8_MO,27,20,22.589,0,1
Irf8_MO,27,21,17.892,0,1
